Date,target_oil_price,global_pmi,oecd_oil_inventories,opec_production,us_crude_production,usd_index,fed_funds_rate,china_pmi,eu_pmi,india_iip,cpi_global,rig_count_us,refinery_utilization_us
1975-01-01 00:00:00,30,51,2700,28,9,95,5,,50,5,3,890,85
1975-02-01 00:00:00,34.13,53.3,2734,29.07,10.64,99.09,5.35,,52.1,8.3,3.6,975,86.5
1975-03-01 00:00:00,36.1,57.6,2733,32.13,11,103.9,7.21,,50.8,11,5.9,866,86.8
1975-04-01 00:00:00,43.28,59.4,2790,35,11,105.25,11.23,,55.1,15,10.5,989,90.5
1975-05-01 00:00:00,55.28,65,2782,35,11,111.8,16.87,,60.4,15,15,1064,91.1
1975-06-01 00:00:00,58.11,65,2756,35,11,117.38,20,,65,15,15,1106,94.2
1975-07-01 00:00:00,61.84,65,2712,35,11,120,20,,65,15,15,1101,95
1975-08-01 00:00:00,75.27,65,2667,35,11,120,20,,65,15,15,1262,95
1975-09-01 00:00:00,83.68,65,2636,35,11,120,20,,65,15,15,1364,95
1975-10-01 00:00:00,85.54,65,2667,35,11,120,20,,65,15,15,1326,95
1975-11-01 00:00:00,92.91,65,2701,35,11,120,20,,65,15,15,1425,95
1975-12-01 00:00:00,94.71,65,2668,35,11,120,20,,65,15,15,1444,95
1976-01-01 00:00:00,96.62,65,2715,35,11,120,20,,65,15,15,1507,95
1976-02-01 00:00:00,101.98,65,2713,35,11,120,20,,65,15,15,1466,95
1976-03-01 00:00:00,95.79,65,2731,35,11,120,20,,65,15,15,1455,95
1976-04-01 00:00:00,91.32,65,2790,35,11,120,20,,65,15,15,1509,95
1976-05-01 00:00:00,93.02,65,2818,35,11,120,20,,65,15,15,1488,95
1976-06-01 00:00:00,91.74,65,2807,35,11,120,20,,65,15,15,1485,95
1976-07-01 00:00:00,96.66,65,2778,35,11,120,20,,65,15,15,1468,95
1976-08-01 00:00:00,93.99,65,2716,35,11,120,20,,65,15,15,1456,95
1976-09-01 00:00:00,88.33,65,2704,35,11,120,20,,65,15,15,1433,95
1976-10-01 00:00:00,96.94,65,2709,35,11,120,20,,65,15,15,1547,95
1976-11-01 00:00:00,94.76,65,2689,35,11,120,20,,65,15,15,1350,95
1976-12-01 00:00:00,93.27,65,2697,35,11,120,20,,65,15,15,1367,95
1977-01-01 00:00:00,83.41,65,2708,35,11,120,20,,65,15,15,1400,95
1977-02-01 00:00:00,78.29,65,2708,35,11,120,20,,65,15,15,1269,95
1977-03-01 00:00:00,76.07,65,2694,35,11,120,20,,61.1,15,15,1227,95
1977-04-01 00:00:00,66.76,62.9,2705,35,11,114.84,17.87,,59.8,15,14.5,1105,95
1977-05-01 00:00:00,65.43,59.1,2722,33.25,10.89,112.77,14.62,,58.8,13.3,13.4,1127,95
1977-06-01 00:00:00,58.44,56.5,2690,31.72,8.81,105.3,12.41,,54.5,14.9,10.7,1014,89.9
1977-07-01 00:00:00,53.14,53.7,2737,29.48,6.51,102.03,9.12,,55.2,7.9,6.8,1136,84
1977-08-01 00:00:00,46.31,52.5,2731,26.39,5,102.09,6.05,,50.2,4.8,3.7,962,83.7
1977-09-01 00:00:00,52.1,45.1,2728,23.61,5,95.71,1.41,,46.4,-2.1,0.3,1018,81.4
1977-10-01 00:00:00,47.17,44.7,2746,22,5,89.91,0,,43.8,-10,-2,1001,78.1
1977-11-01 00:00:00,37.37,40.5,2747,22,5,87.71,0,,38.8,-10,-2,922,71.8
1977-12-01 00:00:00,38.21,36.1,2770,22,5,80.93,0,,35,-10,-2,929,70.6
1978-01-01 00:00:00,28.63,35,2769,22,5,76.83,0,,35,-10,-2,840,65.2
1978-02-01 00:00:00,27.71,35,2741,22,5,75.81,0,,35,-10,-2,746,62.6
1978-03-01 00:00:00,16.33,35,2747,22,5,72.64,0,,35,-6.6,-2,648,65.2
1978-04-01 00:00:00,10.21,35,2707,22,5,71.07,0,,35,-10,-2,641,61.4
1978-05-01 00:00:00,13.17,35,2712,22,5,72.15,0,,35,-10,-2,605,60
1978-06-01 00:00:00,19.06,35,2712,22,5,73.02,0,,35,-10,-2,690,60
1978-07-01 00:00:00,22.03,35,2708,22,5,74.18,0,,35,-10,-2,740,63.7
1978-08-01 00:00:00,24.03,38.5,2708,22,5,74.78,0,,35.3,-10,-2,780,65.5
1978-09-01 00:00:00,25.8,38.5,2656,22.64,5,77.63,0.04,,37.8,-9.8,-2,669,66.7
1978-10-01 00:00:00,22.5,37,2654,23.99,5.28,80.07,0.17,,44.1,-4.1,-1.7,761,67.6
1978-11-01 00:00:00,24.61,39.3,2672,24.86,6.42,84.37,2.22,,47.4,0.4,0,734,72.5
1978-12-01 00:00:00,28.88,42.2,2690,27.67,8.25,87.2,4.28,,52,3.3,2.5,824,73.6
1979-01-01 00:00:00,41.27,41,2672,30.57,11,91.35,6.25,,53.6,2,6.2,952,79.2
1979-02-01 00:00:00,49.41,46.4,2726,34.51,11,94.35,10.37,,55,5.8,9.7,1074,81.9
1979-03-01 00:00:00,46.94,51.6,2710,35,11,99.88,14.19,,59.5,15,14,1037,84.8
1979-04-01 00:00:00,56.36,58.9,2752,35,11,104.05,19.09,,64.4,15,15,1131,89
1979-05-01 00:00:00,61.85,65,2773,35,11,107.93,20,,65,15,15,1191,94.3
1979-06-01 00:00:00,65.99,65,2759,35,11,114.83,20,,65,15,15,1174,95
1979-07-01 00:00:00,76.76,65,2821,35,11,120,20,,65,15,15,1269,95
1979-08-01 00:00:00,88.71,65,2786,35,11,120,20,,65,15,15,1431,91.7
1979-09-01 00:00:00,98.93,65,2819,35,11,120,20,,65,15,15,1526,95
1979-10-01 00:00:00,99.16,65,2851,35,11,120,20,,65,15,15,1476,95
1979-11-01 00:00:00,102.26,65,2828,35,11,120,20,,65,15,15,1543,95
1979-12-01 00:00:00,108.17,65,2871,35,11,120,20,,65,15,15,1580,95
1980-01-01 00:00:00,116.32,65,2858,35,11,120,15,,65,15,22,1621,95
1980-02-01 00:00:00,115.71,65,2862,35,11,120,16.29,,65,15,22,1722,95
1980-03-01 00:00:00,116.23,65,2865,35,11,120,19.13,,65,15,22,1665,95
1980-04-01 00:00:00,111.47,65,2855,35,11,120,20,,65,15,22,1717,95
1980-05-01 00:00:00,106.22,65,2875,35,11,120,20,,65,15,22,1481,95
1980-06-01 00:00:00,110.91,65,2890,35,11,120,20,,65,15,22,1581,95
1980-07-01 00:00:00,116.58,65,2825,35,11,120,20,,65,15,22,1667,95
1980-08-01 00:00:00,113.11,65,2861,35,11,120,20,,65,14.6,22,1688,95
1980-09-01 00:00:00,114.3,65,2801,35,11,118.33,20,,65,15,22,1663,95
1980-10-01 00:00:00,110.77,65,2830,35,11,117.71,20,,65,15,21.3,1623,95
1980-11-01 00:00:00,101.35,57.6,2856,33.89,10.55,115.6,20,,64.8,14,20.5,1457,95
1980-12-01 00:00:00,96.95,57.2,2811,31.84,9.09,114.07,20,,64.7,14.1,18.2,1412,93.6
1981-01-01 00:00:00,97.66,55.7,2791,28.91,5.8,106.35,20,,60.6,9.4,13.8,1493,84.5
1981-02-01 00:00:00,88.96,46.3,2752,24.46,5,102.27,20,,52.4,4.2,8.4,1321,81.3
1981-03-01 00:00:00,88.17,40.3,2744,22,5,97.04,20,,45.6,-3.7,5,1355,79.2
1981-04-01 00:00:00,65.24,35,2733,22,5,89.71,20,,39.5,-8,5,1177,70.1
1981-05-01 00:00:00,61.68,35,2756,22,5,83.1,20,,36.5,-10,5,1068,66.5
1981-06-01 00:00:00,53.81,35,2789,22,5,77.61,20,,35,-10,5,1118,61.4
1981-07-01 00:00:00,44.12,35,2820,22,5,71.5,20,,35,-10,5,1002,60
1981-08-01 00:00:00,36.92,35,2786,22,5,70,20,,35,-10,5,791,60
1981-09-01 00:00:00,19.62,35,2767,22,5,70,20,,35,-10,5,650,60
1981-10-01 00:00:00,13.14,35,2706,22,5,70,20,,35,-10,5,517,60
1981-11-01 00:00:00,10.06,35,2681,22,5,70,20,,35,-10,5,561,60
1981-12-01 00:00:00,12.77,35,2712,22,5,70,20,,35,-10,5,666,60
1982-01-01 00:00:00,10,35,2758,22,5,70,19.76,,35,-10,5,579,60
1982-02-01 00:00:00,10,35,2711,22,5,70,19.72,,35,-10,5,623,60
1982-03-01 00:00:00,10,35,2692,22,5,70,16.11,,35,-10,5,524,60
1982-04-01 00:00:00,10.65,35,2693,22,5,70,13.18,,35,-10,5,646,60
1982-05-01 00:00:00,10,35,2703,22,5,70,8.48,,35,-10,5,572,60
1982-06-01 00:00:00,10,35,2680,22,5,70,8,,35,-10,5,601,60
1982-07-01 00:00:00,11,35,2699,22,5,70,8,,35,-10,5,605,60
1982-08-01 00:00:00,10.83,35,2689,22,5,70,8,,35,-10,5,545,60
1982-09-01 00:00:00,16.25,35,2695,22,5,70,8,,35,-10,5,605,60
1982-10-01 00:00:00,13.78,35,2719,22,5,70.73,8,,35,-10,5,686,60
1982-11-01 00:00:00,14.93,35,2725,22,5,70,8,,35,-10,5,669,60
1982-12-01 00:00:00,17.01,35,2718,22,5,70.96,8,,35,-10,5,723,60
1983-01-01 00:00:00,34.89,30,2723,22,5,70.31,8,,35,-10,5,865,60
1983-02-01 00:00:00,43.36,30,2730,22,5,72.52,8,,35,-10,5,941,61.8
1983-03-01 00:00:00,51.85,30.9,2728,22,5,76.41,8,,35,-10,5,932,66.6
1983-04-01 00:00:00,59.22,30,2732,23.01,5,81.83,8,,35,-9.2,5,1079,67.7
1983-05-01 00:00:00,65.66,34.8,2793,24.62,6.18,87.42,8,,42,-6.9,6.9,1155,75.5
1983-06-01 00:00:00,66.55,37.8,2814,27.22,8.33,93.04,8,,47.6,-4.3,8.9,1263,72.4
1983-07-01 00:00:00,73.49,40.8,2808,31.1,11,96.58,8,,49.4,2.8,12.2,1269,79.6
1983-08-01 00:00:00,80.88,47.6,2834,35,11,100.11,8,,54.1,9.8,15.7,1386,82
1983-09-01 00:00:00,85.85,50.7,2826,35,11,105.82,8,,59.3,13.5,19.2,1388,91.5
1983-10-01 00:00:00,94.12,52.7,2866,35,11,112.64,8,,65,14.5,22,1406,95
1983-11-01 00:00:00,104.67,54.7,2876,35,11,116.74,8,,65,15,22,1553,95
1983-12-01 00:00:00,121.58,60,2871,35,11,120,8,,65,15,22,1728,95
1984-01-01 00:00:00,107.78,65,2884,35,11,120,8,,65,15,22,1531,95
1984-02-01 00:00:00,113.68,65,2834,35,11,120,8,,65,15,22,1618,95
1984-03-01 00:00:00,117.08,65,2806,35,11,120,8,,65,15,22,1660,95
1984-04-01 00:00:00,110.64,65,2780,35,11,120,8,,65,15,22,1687,95
1984-05-01 00:00:00,114.37,65,2797,35,11,120,8,,65,15,22,1540,95
1984-06-01 00:00:00,117.58,65,2860,35,11,120,9.26,,65,15,22,1736,95
1984-07-01 00:00:00,131.78,65,2927,35,11,120,10.27,,65,15,22,1771,95
1984-08-01 00:00:00,129.93,65,2936,35,11,120,8.86,,65,15,22,1731,92.2
1984-09-01 00:00:00,130.08,65,2939,35,11,120,9.62,,65,15,22,1860,95
1984-10-01 00:00:00,127.68,65,2872,35,11,117.4,10.39,,62.9,14.8,22,1813,95
1984-11-01 00:00:00,119.09,65,2851,35,11,114.46,12.07,,60.5,12.3,22,1754,93.1
1984-12-01 00:00:00,122.4,64,2826,35,11,114.13,10.23,,58.4,13.2,21.8,1764,90.7
1985-01-01 00:00:00,122.3,61.2,2808,34.39,10.2,108,15.09,,57.3,10.6,12.5,1826,89.2
1985-02-01 00:00:00,121.45,58.3,2806,31.68,8.35,108.04,12.32,,53.9,9.5,9.9,1742,76.7
1985-03-01 00:00:00,111.29,55.5,2794,29.36,5.57,104.72,8.55,,52.5,2.2,7,1605,73.8
1985-04-01 00:00:00,113.31,48.2,2738,26.09,5,107.73,5.06,,51.2,2.6,3.7,1650,69.8
1985-05-01 00:00:00,100.18,41.7,2772,22.92,5,107.51,0.12,,48.2,0.5,-1.4,1564,69.7
1985-06-01 00:00:00,98.21,39.6,2745,22,5,101.52,0,,46.9,-6.4,-2,1443,64.8
1985-07-01 00:00:00,103.9,35.9,2761,22,5,95.85,0,,42.7,-10,-2,1506,61.6
1985-08-01 00:00:00,92.31,35,2829,22,5,92.63,0,,35.2,-10,-2,1408,63.6
1985-09-01 00:00:00,84.17,35,2797,22,5,90.83,0,,35,-10,-2,1236,63.2
1985-10-01 00:00:00,80.32,35,2721,22,5,82.29,0,,35,-10,-2,1310,62.2
1985-11-01 00:00:00,73.93,35,2724,22,5,74.55,0,,35,-10,-2,1145,60
1985-12-01 00:00:00,63.31,35,2768,22,5,70.27,0,,35,-10,-2,1136,60
1986-01-01 00:00:00,62.6,35,2831,22,5,70,0,,35,-10,-2,1169,60
1986-02-01 00:00:00,56.71,35,2790,22,5,70,0,,35,-10,-2,1043,60
1986-03-01 00:00:00,59.93,35,2807,22,5,70.69,0,,35,-10,-2,1183,60
1986-04-01 00:00:00,56.39,35,2794,22,5,70,0,,35,-10,-2,991,60
1986-05-01 00:00:00,66.57,35,2795,22,5,70,0,,35,-10,-2,1225,63.3
1986-06-01 00:00:00,64.54,35,2879,22,5,72.56,0,,35,-9.6,-2,1179,62
1986-07-01 00:00:00,66.22,35,2827,22,5,72.39,0,,35.7,-10,-2,1076,64.3
1986-08-01 00:00:00,74.54,37.2,2837,22,5,71.01,0,,37.4,-7.2,-2,1381,69.9
1986-09-01 00:00:00,72.7,41.7,2853,23.18,5,75.4,0,,39.2,-5.8,-1.3,1224,74.6
1986-10-01 00:00:00,79.81,45.5,2887,25.46,5.84,81.73,1.01,,41,-1.1,-0.1,1254,72.5
1986-11-01 00:00:00,92.69,44.4,2887,27.67,7.31,86.64,3.35,,43.7,1.9,2.2,1357,77.7
1986-12-01 00:00:00,90.53,46,2896,31.59,10.39,91.53,6.16,,49.7,0.9,6.3,1394,84.7
1987-01-01 00:00:00,99.13,50,2883,35,11,97.69,9.43,,55.6,6.2,9.9,1485,92.2
1987-02-01 00:00:00,108.28,56.1,2894,35,11,103.89,14.67,,60.4,14.5,15,1588,93.9
1987-03-01 00:00:00,120.09,63.6,2886,35,11,108.55,19.18,,65,15,15,1686,95
1987-04-01 00:00:00,121.41,65,2910,35,11,115.08,20,,65,15,15,1746,95
1987-05-01 00:00:00,123.4,65,2902,35,11,120,20,,65,15,15,1715,95
1987-06-01 00:00:00,135.5,65,2919,35,11,120,20,,65,15,15,1758,95
1987-07-01 00:00:00,145.73,65,2923,35,11,120,20,,65,15,15,1950,95
1987-08-01 00:00:00,150,65,2961,35,11,120,20,,65,15,15,1882,95
1987-09-01 00:00:00,150,65,2959,35,11,120,20,,65,15,15,2018,95
1987-10-01 00:00:00,150,65,2907,35,11,120,20,,65,15,15,1951,95
1987-11-01 00:00:00,150,65,2954,35,11,120,20,,65,15,15,2008,95
1987-12-01 00:00:00,150,65,2929,35,11,120,20,,65,15,15,2066,95
1988-01-01 00:00:00,150,65,2916,35,11,120,20,,65,15,15,1953,95
1988-02-01 00:00:00,150,65,2906,35,11,120,20,,65,15,15,2053,95
1988-03-01 00:00:00,150,65,2957,35,11,120,20,,65,15,15,1978,95
1988-04-01 00:00:00,150,65,2895,35,11,120,20,,65,15,15,2088,95
1988-05-01 00:00:00,150,65,2999,35,11,120,20,,65,15,15,1982,95
1988-06-01 00:00:00,150,65,3025,35,11,120,20,,65,15,15,1958,95
1988-07-01 00:00:00,150,65,3021,35,11,120,20,,65,15,15,2034,95
1988-08-01 00:00:00,150,65,3008,35,11,120,20,,65,15,15,1978,95
1988-09-01 00:00:00,150,65,3007,35,11,120,20,,65,15,15,1958,95
1988-10-01 00:00:00,150,65,3011,35,11,120,20,,65,15,15,1976,95
1988-11-01 00:00:00,150,65,3018,35,11,120,20,,65,15,15,1998,95
1988-12-01 00:00:00,150,65,3019,35,11,120,20,,65,15,15,2067,95
1989-01-01 00:00:00,150,65,3005,35,11,120,20,,65,15,15,1903,95
1989-02-01 00:00:00,146.27,65,2983,35,10.97,117.45,18.19,,65,15,14.4,1964,90.6
1989-03-01 00:00:00,139.14,61.3,2964,33.93,9.25,117.06,15.7,,59.2,15,12.6,1923,85.8
1989-04-01 00:00:00,131.02,61.5,2945,32.38,6.72,114.07,12.56,,55.2,13,9.6,1820,79.3
1989-05-01 00:00:00,123.15,58.1,2968,29.76,5,109.71,7.59,,50.9,7.2,5.3,1797,78.3
1989-06-01 00:00:00,118.91,51.3,2970,25.66,5,102.7,3.38,,47,1.3,0.9,1685,75.5
1989-07-01 00:00:00,116.26,46.7,2865,22,5,100.08,0,,44.3,-3.2,-2,1653,76
1989-08-01 00:00:00,112.65,42.4,2883,22,5,95.46,0,,37,-10,-2,1656,71.5
1989-09-01 00:00:00,111.43,37,2883,22,5,88.13,0,,35,-10,-2,1619,64.7
1989-10-01 00:00:00,105.57,35,2876,22,5,84.19,0,,35,-10,-2,1536,60
1989-11-01 00:00:00,107.2,35,2858,22,5,77.16,0,,35,-10,-2,1598,60
1989-12-01 00:00:00,99.56,35,2888,22,5,70.11,0,,35,-10,-2,1463,60
1990-01-01 00:00:00,107.73,35,2909,22,5,85,0,,35,-10,-2,1547,61.9
1990-02-01 00:00:00,104.11,35,2874,22,5,85,0,,35,-10,-2,1515,60
1990-03-01 00:00:00,93.69,35,2880,22,5,85,0,,35,-10,-2,1505,60
1990-04-01 00:00:00,84.01,35,2845,22,5,85,0,,35,-10,-2,1179,60
1990-05-01 00:00:00,83.95,35,2803,22,5,85,0,,35,-10,-2,1359,60
1990-06-01 00:00:00,80.93,35,2790,22,5,85,0,,35,-10,-2,1311,60
1990-07-01 00:00:00,83.75,35,2825,22,5,85,0,,35,-10,-2,1253,60
1990-08-01 00:00:00,85.75,35,2858,22,5,85,0,,35,-10,-2,1373,60
1990-09-01 00:00:00,85.66,35,2874,22,5,85,0,,35,-10,-2,1380,60
1990-10-01 00:00:00,82.73,35,2895,22,5,85,0,,35,-10,-2,1357,60
1990-11-01 00:00:00,77.99,35,2908,22,5,85,0,,35,-10,-2,1147,62.9
1990-12-01 00:00:00,80.45,35,2885,22,5,87.24,0,,35,-10,-2,1373,63.1
1991-01-01 00:00:00,90.22,35,2899,22,5,88.22,0,,35.1,-10,-2,1365,65.6
1991-02-01 00:00:00,96.5,35.7,2924,22,5,91.88,0,,35.8,-9.2,-2,1499,70.9
1991-03-01 00:00:00,95.71,37.4,2944,23.41,5,93.69,0,,39.5,-9,-1.4,1494,72.3
1991-04-01 00:00:00,103.26,36.9,2976,24.81,5,98.41,0,,40.3,-4.6,-0.3,1489,75.4
1991-05-01 00:00:00,111.81,37.8,2990,27.2,6.16,105.68,1.45,,44.8,-0.5,1.1,1651,80.6
1991-06-01 00:00:00,113.74,43.7,2992,30.21,8.54,111.34,3.82,,44.5,4.6,3.5,1618,81.3
1991-07-01 00:00:00,121.48,47.5,3016,33.99,10.51,114.99,6.62,,46.6,7.7,5.7,1611,85
1991-08-01 00:00:00,128.37,52.8,3005,35,11,120.16,9.87,,47.2,12.6,9,1842,89.1
1991-09-01 00:00:00,128.9,56.5,2971,35,11,124.15,12.96,,51.4,15,13,1750,90
1991-10-01 00:00:00,137.38,60.2,2963,35,11,128.5,15.62,,55.9,15,15,1831,95
1991-11-01 00:00:00,146,65,2940,35,11,131.85,18.86,,60.3,15,15,1940,94.4
1991-12-01 00:00:00,150,65,2923,35,11,135,20,,64.1,15,15,2014,94.3
1992-01-01 00:00:00,150,65,2924,35,11,135,20,,65,15,15,1997,95
1992-02-01 00:00:00,147.28,65,2906,35,11,135,20,,65,15,15,2000,95
1992-03-01 00:00:00,146.93,65,2905,35,11,135,20,,64.5,15,15,1902,95
1992-04-01 00:00:00,150,65,2856,35,11,134.5,20,,65,15,15,1963,95
1992-05-01 00:00:00,150,65,2878,35,11,133.04,20,,65,15,15,1994,95
1992-06-01 00:00:00,150,64.5,2889,35,11,131.83,20,,64.7,15,15,2095,95
1992-07-01 00:00:00,150,65,2873,35,11,132.7,18.68,,65,15,15,1994,95
1992-08-01 00:00:00,150,61.9,2903,34.65,10.56,130.36,17.19,,61.4,13.8,14.4,2054,89.4
1992-09-01 00:00:00,150,59.5,2936,34.83,9.59,130.13,14.62,,57.4,14.8,13.4,2002,90.9
1992-10-01 00:00:00,150,55.9,2887,34.04,7.65,127.84,11.78,,53,12.6,10.6,1976,92.4
1992-11-01 00:00:00,150,55.4,2869,31.87,5,120.71,7.69,,50.1,10.8,6.5,1988,91.6
1992-12-01 00:00:00,144.82,51.3,2853,27.91,5,118.68,2.85,,47.4,2.5,3.5,1940,86.5
1993-01-01 00:00:00,144.63,48.2,2833,23.79,5,116.04,0,,44.6,-0.6,-1.5,1977,80.7
1993-02-01 00:00:00,135.68,39.3,2868,22,5,108.99,0,,44.5,-6.7,-2,1926,76.7
1993-03-01 00:00:00,129.66,35,2866,22,5,104.64,0,,35,-8.4,-2,1815,73.2
1993-04-01 00:00:00,122.25,35,2862,22,5,97.27,0,,35,-10,-2,1782,68.5
1993-05-01 00:00:00,117.83,35,2805,22,5,91.88,0,,35,-10,-2,1630,64.8
1993-06-01 00:00:00,124.36,35,2835,22,5,85,0,,35,-10,-2,1723,60
1993-07-01 00:00:00,108.25,35,2803,22,5,85,0,,35,-10,-2,1546,60
1993-08-01 00:00:00,106.71,35,2815,22,5,85,0,,35,-10,-2,1583,60
1993-09-01 00:00:00,93.43,35,2831,22,5,85,0,,35,-10,-2,1416,60
1993-10-01 00:00:00,87.53,35,2877,22,5,85,0,,35,-10,-2,1412,60
1993-11-01 00:00:00,90.18,35,2836,22,5,85,0,,35,-10,-2,1355,60
1993-12-01 00:00:00,87.33,35,2750,22,5,85,0,,35,-10,-2,1375,60
1994-01-01 00:00:00,79.4,35,2773,22,5,85,0,,35,-10,-2,1328,60
1994-02-01 00:00:00,74.86,35,2841,22,5,85,0,,35,-10,-2,1145,60
1994-03-01 00:00:00,78.54,35,2883,22,5,85,0,,35,-10,-2,1391,60
1994-04-01 00:00:00,75.34,35,2889,22,5,85,0,,35,-10,-2,1239,60
1994-05-01 00:00:00,78.26,35,2874,22,5,85,0,,35,-10,-2,1181,60
1994-06-01 00:00:00,80.94,35,2901,22,5,85,0,,35,-10,-2,1317,60
1994-07-01 00:00:00,80.93,35,2872,22,5,85,0,,35,-10,-2,1311,60
1994-08-01 00:00:00,96.21,35,2892,22,5,85.69,0,,35,-10,-2,1458,60
1994-09-01 00:00:00,103.08,35,2912,22,5,86.23,0,,35,-10,-2,1580,60
1994-10-01 00:00:00,97.13,35,2947,22,5,86.75,0,,35,-10,-2,1509,60
1994-11-01 00:00:00,104.71,37,3029,22,5,88.06,0,,35.6,-8.2,-2,1562,60.9
1994-12-01 00:00:00,108.55,35.1,3030,22.67,5,93.84,0,,35,-9.8,-2,1608,66.5
1995-01-01 00:00:00,121.03,39.1,3005,24.36,5,80.42,0.06,,37.9,-6.2,-1.6,1705,65.2
1995-02-01 00:00:00,125.06,41.6,3000,27.75,6.32,84.24,1.29,,38.9,-4.9,-0.2,1839,68.8
1995-03-01 00:00:00,133.51,45.6,2946,31.19,8.31,90.19,3.87,,42.9,-2.1,4.3,1761,74.8
1995-04-01 00:00:00,145.36,52,2933,35,11,100.02,8.19,,49.6,2.7,8,1961,75.4
1995-05-01 00:00:00,150,55.2,2933,35,11,108.1,13.52,,55.9,7.6,13.4,2003,80.4
1995-06-01 00:00:00,150,62.3,2930,35,11,113.62,18.67,,60.7,13.9,15,2041,86.4
1995-07-01 00:00:00,150,65,2950,35,11,120,20,,65,15,15,1958,92.4
1995-08-01 00:00:00,150,65,2939,35,11,120,20,,65,15,15,1913,95
1995-09-01 00:00:00,150,65,2988,35,11,120,20,,65,15,15,2008,95
1995-10-01 00:00:00,150,65,2998,35,11,120,20,,65,15,15,2014,95
1995-11-01 00:00:00,150,65,3007,35,11,120,20,,65,15,15,2074,95
1995-12-01 00:00:00,150,65,3006,35,11,120,20,,65,15,15,1936,95
1996-01-01 00:00:00,150,65,3019,35,11,120,20,,65,15,15,2058,95
1996-02-01 00:00:00,150,65,3051,35,11,120,20,,65,15,15,2118,95
1996-03-01 00:00:00,150,65,3028,35,11,120,20,,65,15,15,1981,95
1996-04-01 00:00:00,150,65,3014,35,11,120,20,,65,15,15,1935,95
1996-05-01 00:00:00,150,65,3013,35,11,120,20,,65,15,15,1980,95
1996-06-01 00:00:00,150,65,2980,35,11,120,20,,65,15,15,2001,95
1996-07-01 00:00:00,150,65,2968,35,11,120,20,,65,15,15,2028,95
1996-08-01 00:00:00,150,65,2967,35,11,120,20,,65,15,15,1970,95
1996-09-01 00:00:00,150,65,3006,35,11,120,20,,65,15,15,2078,95
1996-10-01 00:00:00,150,65,3020,35,11,120,20,,65,15,15,1944,95
1996-11-01 00:00:00,150,65,3028,35,11,120,20,,65,15,15,1913,95
1996-12-01 00:00:00,143.68,65,3054,35,11,120,20,,65,15,15,1992,95
1997-01-01 00:00:00,148.26,65,3046,35,11,120,20,,65,15,15,1869,95
1997-02-01 00:00:00,150,65,3053,35,11,120,19.72,,65,15,15,1990,95
1997-03-01 00:00:00,150,63.5,3044,35,11,120,18.16,,65,15,15,2156,94.3
1997-04-01 00:00:00,150,61.5,3046,35,10.27,118.68,16.74,,65,15,14,1999,94.9
1997-05-01 00:00:00,147.16,60.1,3021,35,9.13,115.76,14.65,,62.7,15,11.3,1916,95
1997-06-01 00:00:00,148.7,57.8,2944,33.07,6.93,113.78,12.13,,58.1,9.8,9.1,1984,95
1997-07-01 00:00:00,150,55.6,2946,31.56,5,110.71,8.52,,51.3,3.6,6.9,1997,91.3
1997-08-01 00:00:00,150,55.5,2994,28.37,5,106.93,4.73,,46.8,0.1,3.1,2008,86.7
1997-09-01 00:00:00,143.8,50.4,3019,25.81,5,102.26,0,,42.4,-5.7,-0.4,1971,83.3
1997-10-01 00:00:00,150,44.1,3042,23.06,5,99.78,0,,39.4,-8.8,-2,1948,75.8
1997-11-01 00:00:00,150,37.2,3068,22,5,99.89,0,,35.5,-10,-2,2084,71.9
1997-12-01 00:00:00,144.92,35,3056,22,5,96.64,0,,35,-10,-2,1961,71
1998-01-01 00:00:00,147.75,35,3050,22,5,95.44,0,,35,-10,-2,2014,69.8
1998-02-01 00:00:00,148.92,35.3,3020,22,5,89.66,0,,35,-10,-2,1958,66
1998-03-01 00:00:00,146.16,35,3003,22,5,88,0,,35,-10,-2,2026,64.4
1998-04-01 00:00:00,147.55,35,3018,22,5,84.4,0,,35,-10,-2,1963,60.2
1998-05-01 00:00:00,146.99,35,3049,22,5,81.04,0,,35,-10,-2,1984,61.7
1998-06-01 00:00:00,149.69,35.6,3035,22,5,80.25,0,,35,-9.4,-2,1950,61.2
1998-07-01 00:00:00,150,39.4,3016,22,5,84.17,0,,35,-7.9,-2,1950,61
1998-08-01 00:00:00,150,37.4,3013,22,5,87.85,0,,35,-5.2,-2,2034,61.3
1998-09-01 00:00:00,148.19,36.7,3030,22.9,5,90.49,0,,35,-0.1,-1.6,1960,63.4
1998-10-01 00:00:00,150,40.2,2985,24.17,5,90.19,0,,38.5,0.1,-1.7,1957,65
1998-11-01 00:00:00,146.83,43.5,2922,26.29,5,93.66,0,,40.5,2.3,-0.5,1936,70.7
1998-12-01 00:00:00,150,49.7,2921,29.71,5.43,98.7,2.16,,41.1,4.2,1.3,2035,73.5
1999-01-01 00:00:00,150,53.5,2903,33.52,7.8,103.83,3.97,,48.9,7.8,5.4,1969,82.9
1999-02-01 00:00:00,150,55.9,2909,35,10.16,105.26,7.33,,53.7,14.9,9.4,1994,91.7
1999-03-01 00:00:00,150,61,2927,35,11,109.44,10.68,,55.4,15,13,2001,93.1
1999-04-01 00:00:00,150,65,2934,35,11,115.67,15.23,,59.8,15,15,1904,95
1999-05-01 00:00:00,150,65,2998,35,11,120,19.74,,65,15,15,1926,95
1999-06-01 00:00:00,150,65,3020,35,11,120,20,,65,15,15,2017,95
1999-07-01 00:00:00,150,65,3038,35,11,120,20,,65,15,15,1963,95
1999-08-01 00:00:00,150,65,3065,35,11,120,20,,65,15,15,2053,95
1999-09-01 00:00:00,150,65,3035,35,11,120,20,,65,15,15,2048,95
1999-10-01 00:00:00,150,65,3075,35,11,120,20,,65,15,15,2036,95
1999-11-01 00:00:00,150,65,3077,35,11,120,20,,65,15,15,2091,95
1999-12-01 00:00:00,150,65,3100,35,11,120,20,,65,15,15,1996,95
2000-01-01 00:00:00,150,65,3068,35,11,120,20,,65,15,15,2032,95
2000-02-01 00:00:00,150,65,3026,35,11,120,20,,65,15,15,1971,95
2000-03-01 00:00:00,150,65,3061,35,11,120,20,,65,15,15,2123,94.1
2000-04-01 00:00:00,150,65,3077,35,11,120,20,,65,15,15,2099,95
2000-05-01 00:00:00,150,65,3052,35,11,120,20,,65,15,15,2001,95
2000-06-01 00:00:00,150,65,3030,35,11,120,20,,65,15,15,2019,95
2000-07-01 00:00:00,150,65,3071,35,11,120,20,,65,15,15,2068,94.8
2000-08-01 00:00:00,150,65,3035,35,11,120,20,,65,15,15,1993,95
2000-09-01 00:00:00,150,62.6,3089,35,11,120,19.21,,65,15,15,1967,95
2000-10-01 00:00:00,150,63.4,3056,35,11,120,16.93,,63.7,15,14.1,2044,92
2000-11-01 00:00:00,150,62.4,3074,35,9.63,117.04,13.4,,61.9,15,12.4,2004,93.6
2000-12-01 00:00:00,150,63.1,3058,33.58,6.8,118.13,9.89,,61.8,11.6,9.8,2009,93.3
2001-01-01 00:00:00,150,57.2,3072,30.67,5,113.68,5.07,,57.8,9.3,6.2,1958,85.7
2001-02-01 00:00:00,150,51.7,3047,27.64,5,111.69,0,,51.5,1.7,1.4,1914,83.3
2001-03-01 00:00:00,150,45.7,3037,22.4,5,103.05,0,,44.3,-2.8,-2,2012,82.2
2001-04-01 00:00:00,150,41.7,3033,22,5,98.28,0,,37.5,-7.6,-2,2045,81
2001-05-01 00:00:00,149.72,35,2997,22,5,90.23,0,,35,-10,-2,1986,81.5
2001-06-01 00:00:00,150,35,3017,22,5,80.78,0,,35,-10,-2,2072,69.3
2001-07-01 00:00:00,145.83,35,2996,22,5,74.89,0,,35,-10,-2,1923,69
2001-08-01 00:00:00,144.53,35,2986,22,5,70.45,0,,35,-10,-2,1893,60
2001-09-01 00:00:00,140.38,35,2953,22,5,70,0,,35,-10,-2,1900,60
2001-10-01 00:00:00,137.36,35,2878,22,5,70,0,,35,-10,-2,1870,60
2001-11-01 00:00:00,136.84,35,2885,22,5,70,0,,35,-10,-2,1907,60
2001-12-01 00:00:00,129.06,35,2969,22,5,70,0,,35,-10,-2,1752,60
2002-01-01 00:00:00,136.91,35,2992,22,5,70,0,,35,-10,-2,1937,60
2002-02-01 00:00:00,128.18,35,2987,22,5,70,0,,35,-10,-2,1880,60
2002-03-01 00:00:00,120,35,2976,22,5,70,0,,35,-10,-2,1698,60
2002-04-01 00:00:00,125.36,35,2975,22,5,70,0,,35,-10,-2,1816,60
2002-05-01 00:00:00,128.72,35,2991,22,5,70,0,,35,-10,-2,1734,60
2002-06-01 00:00:00,131.52,35,2954,22,5,70,0,,35,-10,-2,1869,60
2002-07-01 00:00:00,134.86,35,2992,22,5,70,0,,35,-10,-2,1901,60
2002-08-01 00:00:00,135.57,35,3014,22,5,70,0,,35,-10,-2,1899,60
2002-09-01 00:00:00,132.95,35,3034,22,5,70,0,,35,-10,-2,1829,60
2002-10-01 00:00:00,136.87,35,3044,22,5,70,0,,35,-10,-2,1721,60
2002-11-01 00:00:00,137.81,35,3041,22,5,70,0,,35,-10,-2,1846,60
2002-12-01 00:00:00,148.29,35,3060,22,5,70,0,,35,-10,-2,1952,60.8
2003-01-01 00:00:00,150,35,3075,22,5,72.14,0,,35,-10,-2,1951,60
2003-02-01 00:00:00,150,35,3061,22,5,76.36,0,,35,-9.1,-2,2006,60
2003-03-01 00:00:00,150,35,3044,23.04,5,83.05,0,,35,-10,-2,1979,60
2003-04-01 00:00:00,150,37.6,3051,24.02,5,88.81,0,,35,-7.6,-1.4,1959,61.5
2003-05-01 00:00:00,150,40.2,3102,26.25,5,94.76,0.54,,41.1,-4,0.5,1947,69.7
2003-06-01 00:00:00,150,42,3063,29.72,5.46,99.66,1.52,,45.8,-1.7,2.2,1964,73.5
2003-07-01 00:00:00,150,43.3,3025,34.4,7.34,105.61,4.3,,50.5,1.8,4.9,2056,74.2
2003-08-01 00:00:00,150,49.7,3042,35,10.16,113.42,6.99,,54.8,7.3,9.3,1967,78.4
2003-09-01 00:00:00,150,55.5,3055,35,11,115.81,10.6,,56.2,10.2,13.2,1974,79.9
2003-10-01 00:00:00,150,59.8,3070,35,11,120,14.16,,60,15,15,1977,83
2003-11-01 00:00:00,150,65,3086,35,11,120,17.84,,65,15,15,2017,90.8
2003-12-01 00:00:00,150,65,3086,35,11,120,20,,65,15,15,2023,93.2
2004-01-01 00:00:00,150,65,3138,35,11,120,20,,64.7,15,15,1848,95
2004-02-01 00:00:00,150,65,3089,35,11,120,20,,65,15,15,2051,95
2004-03-01 00:00:00,150,65,3072,35,11,120,20,,65,15,15,2072,95
2004-04-01 00:00:00,150,65,3078,35,11,120,20,,65,15,15,1947,95
2004-05-01 00:00:00,150,65,3038,35,11,120,20,,65,15,15,1951,95
2004-06-01 00:00:00,150,65,3047,35,11,120,20,,65,15,15,1977,95
2004-07-01 00:00:00,150,65,3109,35,11,120,20,,65,15,15,1962,95
2004-08-01 00:00:00,150,65,3112,35,11,120,20,,65,15,15,2011,95
2004-09-01 00:00:00,150,65,3121,35,11,120,20,,63.7,15,15,1903,95
2004-10-01 00:00:00,150,65,3082,35,11,120,19.49,,65,15,15,1944,95
2004-11-01 00:00:00,150,65,3068,35,11,119.63,18.88,,65,15,15,2077,94.6
2004-12-01 00:00:00,150,64.3,3063,35,9.86,120,17.07,,61.3,13.5,14.8,1954,94.2
2005-01-01 00:00:00,150,62.8,3059,35,7.96,120,14.49,51,56.6,13.9,13,2062,92
2005-02-01 00:00:00,150,60.3,3102,33.73,5.38,117.05,10.34,53,53.1,11.4,11.3,2018,88.5
2005-03-01 00:00:00,150,57.5,3117,31.45,5,113.47,6.23,56.7,49.2,8.8,8.4,1910,83.9
2005-04-01 00:00:00,150,55.5,3079,29.41,5,110.5,1.64,60,47.8,6.1,4.8,2032,82.4
2005-05-01 00:00:00,150,50.7,3086,26.76,5,106.77,0,60,42.9,1,1.1,1994,82.7
2005-06-01 00:00:00,150,46.8,3099,22.97,5,105.48,0,60,37.5,-2.1,-2,1977,81.8
2005-07-01 00:00:00,150,41.1,3129,22,5,101.81,0,60,35,-2.9,-2,2012,73
2005-08-01 00:00:00,150,38.7,3167,22,5,96.24,0,60,35,-8.8,-2,2024,72.5
2005-09-01 00:00:00,150,35,3121,22,5,96.27,0,60,35,-10,-2,2035,66.8
2005-10-01 00:00:00,150,35,3088,22,5,92.29,0,60,35,-10,-2,2059,64.4
2005-11-01 00:00:00,150,35,3047,22,5,90.16,0,60,35,-10,-2,2020,60
2005-12-01 00:00:00,150,35,3042,22,5,85.57,0,60,35,-10,-2,1931,60
2006-01-01 00:00:00,150,35,3060,22,5,83.75,0,60,35,-10,-2,1976,60
2006-02-01 00:00:00,150,35,3091,22,5,82.4,0,60,35,-10,-2,2147,60
2006-03-01 00:00:00,150,35,3086,22,5,77.31,0,60,35,-9.7,-2,2036,60
2006-04-01 00:00:00,150,35,3075,22,5,81.42,0,60,35,-10,-2,2118,62.1
2006-05-01 00:00:00,150,35,3081,22,5,84.23,0,60,37.3,-10,-2,2070,60.1
2006-06-01 00:00:00,150,35,3058,22,5,84.14,0,60,35,-10,-2,2012,63.8
2006-07-01 00:00:00,150,35,3127,22,5,83.69,0,60,35,-8,-2,2015,63.4
2006-08-01 00:00:00,150,35,3076,22.13,5,87.34,0,60,35,-8.4,-2,1998,67.3
2006-09-01 00:00:00,150,35,3088,23.48,5,91.16,0,60,38.5,-6.4,-1.8,1913,62.6
2006-10-01 00:00:00,150,38.9,3154,25.93,5,96.25,0,60,44.2,-1.5,1.1,2001,73.9
2006-11-01 00:00:00,150,43.6,3152,29.46,5.47,101.61,1.08,60,50.4,1.1,2.8,2061,82
2006-12-01 00:00:00,150,48.3,3146,34.12,7.69,108.19,3.64,60,56.2,5.6,5.3,1970,85
2007-01-01 00:00:00,190,42.9,3137,35,10.6,117.06,0.25,55,49.6,2.9,9.6,2421,83.8
2007-02-01 00:00:00,190,48.3,3136,35,11,120,0.5,55,53.6,7,13.9,2443,91
2007-03-01 00:00:00,190,54.3,3184,35,11,120,0.5,54.8,55,7,15,2355,93.2
2007-04-01 00:00:00,190,57,3118,35,11,120,0.5,52.6,55,7,15,2377,95
2007-05-01 00:00:00,190,57,3176,35,11,120,0.5,51,55,7,15,2349,95
2007-06-01 00:00:00,190,57,3138,35,11,120,0.5,49.8,55,7,15,2359,95
2007-07-01 00:00:00,190,57,3141,35,11,120,0.5,47.5,55,7,15,2336,95
2007-08-01 00:00:00,190,57,3140,35,11,120,0.5,46.3,55,7,15,2355,95
2007-09-01 00:00:00,190,57,3171,35,11,120,0.5,43.7,55,7,15,2471,95
2007-10-01 00:00:00,190,57,3132,35,11,120,0.5,41.2,55,7,15,2354,95
2007-11-01 00:00:00,190,57,3161,35,11,120,0.5,37.6,55,7,15,2406,95
2007-12-01 00:00:00,190,57,3200,35,11,120,0.5,35,55,7,15,2375,95
2008-01-01 00:00:00,150,65,3165,35,11,120,0.5,40,65,15,15,2059,95
2008-02-01 00:00:00,150,65,3182,35,11,120,0.5,40,65,15,15,2066,95
2008-03-01 00:00:00,150,65,3170,35,11,120,0.5,40,65,15,15,2043,95
2008-04-01 00:00:00,150,65,3193,35,11,120,0.5,40,65,15,15,2015,95
2008-05-01 00:00:00,150,65,3199,35,11,120,0.5,40,65,15,15,1988,95
2008-06-01 00:00:00,150,65,3184,35,11,120,0.5,40,65,15,15,1940,95
2008-07-01 00:00:00,150,65,3200,35,11,120,0.5,40,65,15,15,2097,95
2008-08-01 00:00:00,150,65,3200,35,11,120,0.5,40,65,15,15,1962,95
2008-09-01 00:00:00,150,65,3195,35,11,120,0.5,40,65,15,15,2033,95
2008-10-01 00:00:00,150,65,3200,35,11,120,0.5,41,65,15,15,2053,95
2008-11-01 00:00:00,150,65,3160,35,11,120,0.5,41.9,65,15,15,1972,95
2008-12-01 00:00:00,150,65,3134,35,11,120,0.5,46.7,65,15,15,2052,95
2009-01-01 00:00:00,150,65,3154,35,11,120,0.5,49.9,65,15,15,2038,94.8
2009-02-01 00:00:00,150,64.9,3200,35,10.3,120,0.5,56.3,64.7,15,15,2086,93.3
2009-03-01 00:00:00,150,64.1,3200,35,7.31,120,0.5,60,60.4,13.8,13.3,1977,95
2009-04-01 00:00:00,150,58.9,3183,33.35,5,115.38,0.5,60,57.3,12.5,11,1936,90.8
2009-05-01 00:00:00,150,56.7,3176,31.41,5,113.98,0.37,60,52.2,7.3,6.5,1975,85.8
2009-06-01 00:00:00,150,51.2,3131,27.7,5,104.87,0,60,46.9,3.6,1.7,2010,84.7
2009-07-01 00:00:00,150,49.1,3148,23.54,5,100.05,0,60,41.1,-1.8,-2,2003,84
2009-08-01 00:00:00,150,40.7,3170,22,5,95.14,0,60,35,-9.4,-2,1980,79.5
2009-09-01 00:00:00,150,37.4,3148,22,5,92.23,0,60,35,-10,-2,1905,70.7
2009-10-01 00:00:00,150,35,3128,22,5,87.71,0,60,35,-10,-2,2024,62.9
2009-11-01 00:00:00,150,35,3132,22,5,80.34,0,60,35,-10,-2,2099,60
2009-12-01 00:00:00,150,35,3114,22,5,74.41,0,60,35,-10,-2,2023,60
2010-01-01 00:00:00,150,35,3110,22,7,71.39,0,60,35,-10,-2,2030,60
2010-02-01 00:00:00,150,35,3172,22,8.56,70,0,60,35,-10,-2,2029,60
2010-03-01 00:00:00,150,35,3154,22,11.75,70,0,60,35,-10,-2,2020,60
2010-04-01 00:00:00,150,35,3135,22,13,70,0,60,35,-10,-2,2047,60
2010-05-01 00:00:00,150,35,3112,22,13,70,0,60,35,-10,-2,2020,60
2010-06-01 00:00:00,150,35,3134,22,13,70,0,60,35,-10,-2,1984,60
2010-07-01 00:00:00,150,35,3126,22,13,70,0,60,35,-10,-2,1960,60
2010-08-01 00:00:00,150,35,3106,22,13,73.77,0,60,35,-10,-2,1988,61.5
2010-09-01 00:00:00,150,35,3149,22,13,70.64,0,60,35,-10,-2,2016,60
2010-10-01 00:00:00,150,35,3189,22,13,70,0,60,35,-10,-2,1984,60
2010-11-01 00:00:00,150,35,3165,22,13,73.81,0,55.6,35.2,-10,-2,2016,60
2010-12-01 00:00:00,150,35,3107,22,13,75.2,0,54.5,35,-8.5,-2,2022,60
2011-01-01 00:00:00,150,35,3145,22,13,78.19,0,50.9,35,-6.5,-2,2042,61.8
2011-02-01 00:00:00,150,35,3128,22.32,13,80.92,0,47.3,35,-8.1,-2,2064,65.2
2011-03-01 00:00:00,150,36.7,3159,23.01,13,85.37,0,40.9,37.3,-7.5,-2,2004,71
2011-04-01 00:00:00,150,39.7,3104,25.04,13,93.93,0,40,41.7,-2.7,-0.5,1935,73.3
2011-05-01 00:00:00,150,41,3144,29,13,100.61,1.13,40,40.8,-4.9,1,1983,81.3
2011-06-01 00:00:00,150,47.1,3116,32.37,13,107.34,2.67,40,45.2,-0.8,3.4,2002,86.8
2011-07-01 00:00:00,150,47.6,3152,35,13,109.33,3.81,40,48.4,0.9,7.1,1908,87.4
2011-08-01 00:00:00,150,48.1,3161,35,13,112.28,6,40,52.6,5.1,11,2069,95
2011-09-01 00:00:00,150,52.6,3141,35,13,112,8.9,40,57.4,9.5,14.9,2007,95
2011-10-01 00:00:00,150,58.5,3141,35,13,116.29,12.05,40,60.7,13.6,15,2019,95
2011-11-01 00:00:00,150,65,3174,35,13,120,14.27,40,64,15,15,2068,95
2011-12-01 00:00:00,150,65,3185,35,13,120,15.19,40,65,15,15,1968,95
2012-01-01 00:00:00,150,65,3200,35,13,120,17.69,40,65,15,15,2029,95
2012-02-01 00:00:00,150,65,3200,35,13,120,18.78,40,65,15,15,1995,95
2012-03-01 00:00:00,150,65,3157,35,13,120,18.99,40,65,15,15,1991,95
2012-04-01 00:00:00,150,65,3200,35,13,120,18.28,40,64.5,15,15,1961,95
2012-05-01 00:00:00,150,65,3200,35,13,120,18.89,40,65,15,15,2083,95
2012-06-01 00:00:00,150,61.9,3176,35,12.45,119.7,18.32,40,65,15,15,1981,95
2012-07-01 00:00:00,150,64.6,3142,35,10.77,120,16.78,40,64.9,15,15,2035,95
2012-08-01 00:00:00,150,65,3146,35,7.95,120,15.3,40,65,14,14.1,1906,95
2012-09-01 00:00:00,150,60.9,3182,35,7,119.21,12.59,40,65,15,11.8,2059,92.6
2012-10-01 00:00:00,150,58.4,3180,34.08,7,119.65,9.64,40,63.7,13.4,9.6,2053,93.4
2012-11-01 00:00:00,150,55.2,3200,32.1,7,120,4.43,40,59.5,9.6,5.6,2005,89
2012-12-01 00:00:00,150,50.8,3154,29.9,7,116.31,0,40,53.6,3.6,1.3,1989,86.2
2013-01-01 00:00:00,150,44.2,3157,25.82,7,112.94,0,40,38.2,-2,-2,2020,80.9
2013-02-01 00:00:00,150,37.2,3121,22,7,106.61,0,41.4,32.9,-9.4,-2,2114,75.4
2013-03-01 00:00:00,150,35,3138,22,7,101.89,0,41.1,30,-10,-2,1912,68.5
2013-04-01 00:00:00,150,35,3167,22,7,97.32,0,42.5,30,-10,-2,2039,66.8
2013-05-01 00:00:00,150,35,3152,22,7,91.87,0,44.4,30,-10,-2,1954,60
2013-06-01 00:00:00,150,35,3072,22,7,83.86,0,46.2,30,-10,-2,1999,60
2013-07-01 00:00:00,150,35,3088,22,7,78.68,0,49.6,30,-10,-2,1988,60
2013-08-01 00:00:00,150,35,3108,22,7,76.09,0,51.5,30,-10,-2,1979,60
2013-09-01 00:00:00,150,35,3124,22,7.19,71.31,0,59.8,30,-10,-2,1999,60
2013-10-01 00:00:00,150,35,3162,22,8.02,70,0,60,30,-10,-2,1943,60
2013-11-01 00:00:00,150,35,3126,22,10.66,70,0,60,30,-10,-2,2051,60
2013-12-01 00:00:00,150,35,3147,22,13,70,0,60,30,-10,-2,1910,60
2014-01-01 00:00:00,150,35,3181,22,13,70,0,60,35,-10,-2,2027,60
2014-02-01 00:00:00,150,35,3121,22,13,70,0,60,35,-10,-2,1984,60
2014-03-01 00:00:00,150,35,3133,22,13,70,0,60,35,-10,-2,1941,60
2014-04-01 00:00:00,150,35,3120,22,13,70,0,60,35,-10,-2,2010,60
2014-05-01 00:00:00,149.13,35,3123,22,13,70,0,60,35,-10,-2,1913,60
2014-06-01 00:00:00,150,35,3139,22,13,70,0,60,35,-10,-2,2002,60
2014-07-01 00:00:00,150,35,3129,22,13,70,0,60,35,-10,-2,1929,60
2014-08-01 00:00:00,150,35,3116,22,13,70,0,60,35,-10,-2,2023,60.9
2014-09-01 00:00:00,150,35,3128,22,13,73.79,0,60,35,-10,-2,1954,62.7
2014-10-01 00:00:00,150,35,3106,22,13,77.48,0,60,36.8,-9.6,-2,1977,63.8
2014-11-01 00:00:00,150,35,3089,22,13,79.57,0,60,35,-10,-2,2015,62.9
2014-12-01 00:00:00,150,35,3129,22.47,13,81.23,0,60,35,-8.4,-2,1961,70.6
2015-01-01 00:00:00,120,39.6,3111,22.44,13,97.01,0,59.4,37.7,-7.1,-2,1297,68.1
2015-02-01 00:00:00,120,43.8,3151,25.81,13,102.89,0.19,54.6,42.7,-2.2,0,1224,68
2015-03-01 00:00:00,120,46.5,3180,30.7,13,110.56,2.82,51.7,45.8,2.4,3.5,1332,73.4
2015-04-01 00:00:00,120,50.3,3142,33,13,117.63,5.67,47.3,45.4,6.3,7.7,1388,86.5
2015-05-01 00:00:00,120,55,3142,33,13,121.8,10.34,45.2,54.8,15,12.7,1440,91.7
2015-06-01 00:00:00,120,65,3200,33,13,129.92,15.86,42.9,63,15,15,1305,95
2015-07-01 00:00:00,120,65,3185,33,13,130,20,40,65,15,15,1339,95
2015-08-01 00:00:00,120,65,3189,33,13,130,20,40,65,15,15,1211,95
2015-09-01 00:00:00,120,65,3200,33,13,130,20,40,65,15,15,1375,95
2015-10-01 00:00:00,120,65,3200,33,13,130,20,40,65,15,15,1339,95
2015-11-01 00:00:00,120,65,3200,33,13,130,20,40,65,15,15,1276,95
2015-12-01 00:00:00,120,65,3200,33,12.89,130,20,40,65,15,15,1362,95
2016-01-01 00:00:00,150,65,3200,35,11.93,130,20,40,65,15,15,1987,95
2016-02-01 00:00:00,150,65,3200,35,9.37,130,20,40,65,15,15,1977,95
2016-03-01 00:00:00,150,65,3200,35,7,130,20,40,65,15,15,2024,95
2016-04-01 00:00:00,150,65,3200,35,7,130,20,40,65,15,15,1947,95
2016-05-01 00:00:00,150,65,3196,35,7,130,20,40,65,15,15,2051,95
2016-06-01 00:00:00,150,65,3191,35,7,130,20,40,65,15,15,1947,95
2016-07-01 00:00:00,150,65,3200,35,7,130,20,40,65,15,15,1947,95
2016-08-01 00:00:00,150,65,3200,35,7,130,20,40,65,15,15,1955,95
2016-09-01 00:00:00,150,65,3200,35,7,130,20,40.5,65,15,15,2038,95
2016-10-01 00:00:00,150,65,3200,35,7,130,20,44.3,65,15,15,1969,95
2016-11-01 00:00:00,150,65,3171,35,7,130,20,46.8,65,15,15,1933,95
2016-12-01 00:00:00,150,62.2,3200,35,7,130,20,48.8,65,15,15,1970,95
2017-01-01 00:00:00,150,65,3184,35,7,130,20,55,64.5,15,15,1998,95
2017-02-01 00:00:00,150,65,3187,35,7,130,20,60,64.9,15,15,1941,95
2017-03-01 00:00:00,150,65,3200,35,7,130,18.43,60,62.1,15,15,1942,91.3
2017-04-01 00:00:00,150,61.1,3200,35,7,128.59,15.6,60,62.8,15,14.3,2106,94.4
2017-05-01 00:00:00,150,59.9,3200,34.86,7,127.7,11.79,60,62.3,14.5,13.1,1957,90.4
2017-06-01 00:00:00,150,54.5,3200,34.81,7,130,7.26,60,55.9,14.7,11,1984,88.7
2017-07-01 00:00:00,150,49.8,3200,33.21,7,130,3.48,60,55.6,14,7.4,1982,89.6
2017-08-01 00:00:00,150,50,3200,30.62,7,127.44,0,60,56.8,11.5,3.5,1979,88.7
2017-09-01 00:00:00,150,45.3,3200,28.02,7,125.14,0,60,52.2,7,-0.9,2031,84.6
2017-10-01 00:00:00,150,41.4,3197,26.06,7,121.51,0,60,46.3,4.7,-2,2047,79.3
2017-11-01 00:00:00,150,39,3200,23.03,7,121.26,0,60,47.7,0.7,-2,1985,78.2
2017-12-01 00:00:00,150,35.8,3200,22,7,117.63,0,60,40.3,-5.1,-2,1938,76.2
2018-01-01 00:00:00,150,35,3200,22,7,115.25,0,60,36.6,-8.7,-2,2064,70.4
2018-02-01 00:00:00,150,35,3200,22,7,115.07,0,60,35,-10,-2,1995,64.9
2018-03-01 00:00:00,150,36.3,3200,22,8.8,111.23,0,60,35,-10,-2,2087,60
2018-04-01 00:00:00,150,35,3200,22,10.68,112.95,0,60,35,-10,-2,1888,60
2018-05-01 00:00:00,150,35,3189,22,13,108.7,0,60,35,-10,-2,2010,60
2018-06-01 00:00:00,150,35,3182,22,13,112.01,0,60,35,-10,-2,2096,63.4
2018-07-01 00:00:00,150,35.7,3161,22,13,111.53,0,60,35,-9.7,-2,1982,64.7
2018-08-01 00:00:00,150,37.3,3190,23.09,13,112.23,0,60,35,-8.4,-2,1989,69.6
2018-09-01 00:00:00,150,38.5,3200,23.93,13,110.44,0,60,36.1,-5,-2,2015,68.5
2018-10-01 00:00:00,150,36.9,3200,26.37,13,112.8,0,60,36.7,-0.9,-1.9,1972,74.1
2018-11-01 00:00:00,150,42.2,3200,29.03,13,114.69,0.12,60,36.5,0.5,-0.5,1984,74.9
2018-12-01 00:00:00,150,42.2,3200,32.44,13,118.26,0.99,60,42.9,2.6,2,1983,80.6
2019-01-01 00:00:00,150,46.2,3200,35,13,123.33,3.27,60,45.9,4.7,4.6,1969,79.8
2019-02-01 00:00:00,150,48.5,3184,35,13,130,6.06,59,48,11.1,7.7,2061,85.3
2019-03-01 00:00:00,150,53,3194,35,13,130,9.23,55,53,15,13,2023,84.4
2019-04-01 00:00:00,150,58.5,3200,35,13,130,12.77,51.8,58.8,15,15,2013,89.8
2019-05-01 00:00:00,150,64.2,3200,35,13,130,16.83,46.6,61,15,15,2040,95
2019-06-01 00:00:00,150,65,3200,35,13,130,19.57,45.5,65,15,15,1987,95
2019-07-01 00:00:00,150,65,3200,35,13,130,20,40.6,65,15,15,1961,95
2019-08-01 00:00:00,150,65,3178,35,13,130,20,40,65,15,15,1970,95
2019-09-01 00:00:00,150,65,3195,35,13,130,20,40,65,15,15,2000,95
2019-10-01 00:00:00,150,65,3200,35,13,130,20,40,65,15,15,1947,95
2019-11-01 00:00:00,150,65,3200,35,13,130,20,40,65,15,15,1975,95
2019-12-01 00:00:00,150,65,3200,35,13,130,20,40,65,15,15,1974,95
2020-01-01 00:00:00,110,55,3200,32,13,120,0.25,32,53,0,15,1406,80
2020-02-01 00:00:00,110,55,3200,32,13,120,1.82,32,53,0,15,1161,80
2020-03-01 00:00:00,110,55,3200,32,13,120,5,32,53,0,15,1291,80
2020-04-01 00:00:00,110,55,3200,32,12.91,120,5,32,53,0,15,1386,80
2020-05-01 00:00:00,110,55,3200,32,12.18,120,5,32,53,0,15,1306,78.9
2020-06-01 00:00:00,110,55,3200,32,10.73,120,5,32,53,0,15,1338,80
2020-07-01 00:00:00,110,55,3200,32,8.94,120,5,32,52.1,0,15,1305,80
2020-08-01 00:00:00,110,55,3156,32,7.18,120,5,32,53,0,15,1267,77.2
2020-09-01 00:00:00,110,52.8,3200,32,7,120,5,32,53,0,15,1188,75.6
2020-10-01 00:00:00,110,48.8,3200,32,7,120,5,32,50.8,0,14.2,1310,70.4
2020-11-01 00:00:00,110,50,3191,32,7,120,5,32,52.7,-0.6,12.4,1261,70.3
2020-12-01 00:00:00,110,44.6,3200,29.87,7,116.39,5,33.4,49.3,-2.5,9.1,1260,71.3
2021-01-01 00:00:00,150,48.2,3200,30.95,7,109.58,5,40,54.6,9,4.8,1975,86.5
2021-02-01 00:00:00,150,38.9,3200,27.08,7,108.32,5,40,51.2,7.3,-0.9,2087,83
2021-03-01 00:00:00,150,35,3200,23.74,7,104.82,5,40.7,45.8,-0.5,-2,2120,74.5
2021-04-01 00:00:00,150,35,3200,22,7,99.58,5,43.3,39.9,-4.9,-2,2011,62.9
2021-05-01 00:00:00,150,35,3168,22,7,95.3,5,48.3,35,-9,-2,1977,60
2021-06-01 00:00:00,150,35,3200,22,7.05,89.8,5,50,35,-10,-2,1941,60
2021-07-01 00:00:00,150,35,3200,22,8.72,86.37,5,50.8,35,-10,-2,2023,60
2021-08-01 00:00:00,150,35,3195,22,11.95,80.37,5,55.8,35,-10,-2,2089,60
2021-09-01 00:00:00,150,35,3200,22,13,72.74,5,57.3,35,-10,-2,1988,60
2021-10-01 00:00:00,150,35,3152,22,13,70,5,60,35,-10,-2,1881,60
2021-11-01 00:00:00,150,35,3175,22,13,70,5,60,35,-10,-2,2034,60
2021-12-01 00:00:00,150,35,3153,22,13,70,5,60,35,-10,-2,2049,60
2022-01-01 00:00:00,150,35,3123,22,13,70,5,60,35,-10,1,1921,60
2022-02-01 00:00:00,150,35,3094,22,13,70,5,60,35,-10,1,2009,60
2022-03-01 00:00:00,150,35,3148,22,13,70,5,60,35,-10,1,2023,60
2022-04-01 00:00:00,150,35,3142,22,13,70,5,60,35,-10,1,1996,60
2022-05-01 00:00:00,150,35,3200,22,13,70,5,60,35,-10,1,1960,60
2022-06-01 00:00:00,150,35,3191,22,13,70,5,60,35,-10,1,2051,60
2022-07-01 00:00:00,150,35,3149,22,13,70,4.74,60,35,-10,1,1980,60
2022-08-01 00:00:00,150,35,3132,22,13,70,3.81,60,35,-10,1,1926,60
2022-09-01 00:00:00,150,35,3190,22,13,70.13,2.22,59.3,35,-10,1,1898,60
2022-10-01 00:00:00,150,35,3198,22,13,70,0.51,57.6,35,-10,1,2063,60
2022-11-01 00:00:00,150,35,3195,22,13,70.56,0,51.9,35,-10,1,2031,60
2022-12-01 00:00:00,150,35,3200,22,13,74.86,0,48.3,35,-10,1,2004,60
2023-01-01 00:00:00,150,35,3200,22,13,76.5,0,44.7,35,-10,1,1978,60
2023-02-01 00:00:00,150,35,3200,22.45,13,77.63,0,40.8,35,-10,1,1974,65.9
2023-03-01 00:00:00,150,35,3200,23.69,13,82.76,0,40,38.1,-7.4,1,1946,62.2
2023-04-01 00:00:00,150,35.6,3200,25.69,13,87.82,0,40,38,-6.1,1.8,1978,64.6
2023-05-01 00:00:00,150,35.6,3183,29.27,13,92.47,0,40,40.7,-2.5,2.9,1894,65.6
2023-06-01 00:00:00,150,36.7,3196,32.49,13,99.23,0.72,40,44.7,1.4,5.1,1963,72.2
2023-07-01 00:00:00,150,41.2,3200,35,13,107.46,1.29,40,46.5,4.1,7.6,1984,72.3
2023-08-01 00:00:00,150,48.6,3197,35,13,114.48,4.34,40,51.1,9,11.2,2030,79.3
2023-09-01 00:00:00,150,54.7,3196,35,13,120,7.42,40,53,14,15.8,1998,83.2
2023-10-01 00:00:00,150,55.8,3200,35,13,120,11.41,40,54.7,15,18,2040,87
2023-11-01 00:00:00,150,58.4,3200,35,13,120,14.26,40,61,15,18,2067,88.7
2023-12-01 00:00:00,150,65,3200,35,13,120,16.1,40,65,15,18,2053,93.5
2024-01-01 00:00:00,150,65,3200,35,13,120,19.67,40,65,15,18,2024,95
2024-02-01 00:00:00,150,65,3200,35,13,120,20,40,65,15,18,2001,95
2024-03-01 00:00:00,150,65,3200,35,13,120,20,40,65,15,18,1951,95
2024-04-01 00:00:00,150,65,3200,35,13,120,20,40,65,15,18,2037,95
2024-05-01 00:00:00,150,65,3200,35,13,120,20,40,65,15,18,2084,95
2024-06-01 00:00:00,150,65,3175,35,13,120,20,40,65,15,18,2017,95
2024-07-01 00:00:00,150,65,3180,35,12.75,120,20,40,65,15,18,2096,95
2024-08-01 00:00:00,150,65,3167,35,10.96,120,20,40,65,15,18,1924,95
2024-09-01 00:00:00,150,62.7,3181,35,8.93,120,18.68,40,64.6,14.3,18,1942,95
2024-10-01 00:00:00,150,63.9,3200,35,7,120,17.6,41.4,65,15,18,2043,92
2024-11-01 00:00:00,150,63,3183,35,7,120,15.65,40,64.2,15,17.4,2013,95
2024-12-01 00:00:00,150,62.3,3184,35,7,120,12.9,40,62,12.5,16.8,2066,93.4
